Hours,Summary_Date,Time,Tubing_Pressure,Casing_Pressure,Oil_Data_Hourly,Water_Data_Hourly,Gas_Data_Hourly,
1,11/11/1992,6:00,0.00,1393.80,0.00,0.00,0.00,
2,11/11/1992,7:00,0.00,1393.80,0.00,0.00,0.00,
3,11/11/1992,8:00,0.00,1380.00,0.00,11.27,0.00,
4,11/11/1992,9:00,0.00,1375.40,0.00,6.56,0.00,
5,11/11/1992,10:00,0.00,1370.80,0.00,13.46,0.00,
6,11/11/1992,11:00,0.00,1359.30,0.00,19.09,0.00,
7,11/11/1992,12:00,0.00,1353.55,0.00,21.05,0.00,
8,11/11/1992,13:00,0.00,1351.25,0.00,17.83,0.00,
9,11/11/1992,14:00,0.00,1354.70,0.00,13.34,0.00,
10,11/11/1992,15:00,0.00,1358.15,0.00,8.97,0.00,
11,11/11/1992,16:00,0.00,1342.05,0.00,8.97,0.00,
12,11/11/1992,17:00,0.00,1339.75,0.00,10.58,0.00,
13,11/11/1992,18:00,0.00,1332.85,0.00,18.86,0.00,
14,11/11/1992,19:00,0.00,1324.80,0.00,16.45,0.00,
15,11/11/1992,20:00,0.00,1315.60,0.00,21.97,0.00,
16,11/11/1992,21:00,0.00,1292.60,0.00,35.65,0.00,
17,11/11/1992,22:00,0.00,1277.65,0.00,48.99,0.00,
18,11/11/1992,23:00,0.00,1254.65,0.00,40.02,0.00,
19,11/11/1992,0:00,0.00,1237.40,0.00,42.67,0.00,
20,11/11/1992,1:00,0.00,1222.45,0.00,53.48,0.00,
21,11/11/1992,2:00,0.00,1204.05,0.00,57.85,0.00,
22,11/11/1992,3:00,0.00,1187.95,0.00,57.96,0.00,
23,11/11/1992,4:00,0.00,1173.00,0.00,55.89,0.00,
24,11/11/1992,5:00,0.00,1159.20,0.00,53.36,0.00,
25,11/11/1992,6:00,0.00,1140.80,0.00,58.42,0.00,
26,11/12/1992,7:00,0.00,1138.50,0.00,55.66,0.00,
27,11/12/1992,8:00,0.00,1090.20,0.00,80.16,0.00,
28,11/12/1992,9:00,0.00,1087.90,0.00,62.33,0.00,
29,11/12/1992,10:00,0.00,1072.95,0.00,71.30,0.00,
30,11/12/1992,11:00,0.00,1066.05,0.00,53.36,0.00,
31,11/12/1992,12:00,0.00,1058.00,0.00,62.45,0.00,
32,11/12/1992,13:00,0.00,1048.80,0.00,53.59,0.00,
33,11/12/1992,14:00,0.00,1039.60,0.00,53.48,0.00,
34,11/12/1992,15:00,0.00,1029.25,0.00,62.45,0.00,
35,11/12/1992,16:00,0.00,1020.05,0.00,57.96,0.00,
36,11/12/1992,17:00,0.00,1013.15,0.00,44.39,0.00,
37,11/12/1992,18:00,0.00,1002.80,0.00,75.90,0.00,
38,11/12/1992,19:00,0.00,961.40,0.00,62.33,0.00,
39,11/12/1992,20:00,0.00,922.30,0.00,61.64,0.00,
40,11/12/1992,21:00,0.00,900.45,0.00,84.53,0.00,
41,11/12/1992,22:00,0.00,899.30,0.00,79.01,0.00,
42,11/12/1992,23:00,0.00,891.25,0.00,89.24,0.00,
43,11/12/1992,0:00,0.00,877.45,0.00,66.93,0.00,
44,11/12/1992,1:00,0.00,869.40,0.00,66.82,0.00,
45,11/12/1992,2:00,0.00,829.15,0.00,82.34,0.00,
46,11/12/1992,3:00,0.00,814.20,0.00,84.76,0.00,
47,11/12/1992,4:00,0.00,798.10,0.00,71.30,0.00,
48,11/12/1992,5:00,0.00,792.35,0.00,77.40,0.00,
49,11/12/1992,6:00,0.00,754.40,0.00,89.13,0.00,
50,11/13/1992,7:00,0.00,749.80,0.00,80.73,0.00,
51,11/13/1992,8:00,0.00,696.90,0.00,84.30,0.00,
52,11/13/1992,9:00,0.00,676.20,0.00,76.94,0.00,
53,11/13/1992,10:00,0.00,655.50,0.00,83.26,0.00,
54,11/13/1992,11:00,0.00,645.15,0.00,86.14,0.00,
55,11/13/1992,12:00,0.00,617.55,0.00,90.05,0.00,
56,11/13/1992,13:00,0.00,604.90,0.00,88.44,0.00,
57,11/13/1992,14:00,0.00,602.60,0.00,86.48,0.00,
58,11/13/1992,15:00,0.00,596.85,0.00,83.26,0.00,
59,11/13/1992,16:00,0.00,575.00,0.00,73.83,0.00,
60,11/13/1992,17:00,0.00,563.50,0.00,69.00,0.00,
61,11/13/1992,18:00,0.00,550.85,0.00,80.16,0.00,
62,11/13/1992,19:00,0.00,537.05,0.00,84.41,0.00,
63,11/13/1992,20:00,0.00,501.40,0.00,89.13,0.00,
64,11/13/1992,21:00,0.00,484.15,0.00,79.01,0.00,
65,11/13/1992,22:00,0.00,466.90,0.00,75.67,0.00,
66,11/13/1992,23:00,0.00,451.95,0.00,90.05,0.00,
67,11/13/1992,0:00,0.00,440.45,0.00,80.16,0.00,
68,11/13/1992,1:00,0.00,439.30,0.00,89.01,0.00,
69,11/13/1992,2:00,0.00,427.80,0.00,66.82,0.00,
70,11/13/1992,3:00,0.00,418.60,0.00,72.68,0.00,
71,11/13/1992,4:00,0.00,409.40,0.00,68.08,0.00,
72,11/13/1992,5:00,0.00,400.20,0.00,69.23,0.00,
73,11/13/1992,6:00,0.00,391.00,0.00,62.33,0.00,
74,11/14/1992,7:00,0.00,382.95,0.00,71.30,0.00,
75,11/14/1992,8:00,0.00,356.50,0.00,75.79,0.00,
76,11/14/1992,9:00,0.00,345.00,0.67,66.15,0.00,
77,11/14/1992,10:00,0.00,334.65,0.81,79.47,0.00,
78,11/14/1992,11:00,0.00,327.75,0.62,61.59,0.00,
79,11/14/1992,12:00,0.00,319.70,0.81,79.47,0.00,
80,11/14/1992,13:00,0.00,311.65,0.81,79.93,0.00,
81,11/14/1992,14:00,0.00,304.75,0.81,79.47,0.00,
82,11/14/1992,15:00,0.00,297.85,0.78,77.07,0.00,
83,11/14/1992,16:00,0.00,289.80,0.92,88.32,0.00,
84,11/14/1992,17:00,0.00,285.20,1.51,73.70,0.00,
85,11/14/1992,18:00,0.00,279.45,1.61,78.55,0.00,
86,11/14/1992,19:00,0.00,274.85,1.67,74.46,0.00,
87,11/14/1992,20:00,0.00,261.05,2.04,60.18,0.00,
88,11/14/1992,21:00,0.00,256.45,1.94,63.26,0.00,
89,11/14/1992,22:00,0.00,250.70,2.12,56.99,0.00,
90,11/14/1992,23:00,0.00,244.95,2.35,51.13,0.00,
91,11/14/1992,0:00,0.00,240.35,2.35,51.13,0.00,
92,11/14/1992,1:00,0.00,228.85,2.28,52.12,0.00,
93,11/14/1992,2:00,0.00,224.25,2.12,55.73,0.00,
94,11/14/1992,3:00,0.00,218.50,2.20,53.69,0.00,
95,11/14/1992,4:00,0.00,212.75,2.27,51.44,0.00,
96,11/14/1992,5:00,0.00,204.70,2.23,52.16,0.00,
97,11/14/1992,6:00,0.00,204.70,5.78,52.06,0.00,
98,11/15/1992,7:00,0.00,200.10,5.04,45.33,0.00,
99,11/15/1992,8:00,0.00,185.15,5.13,46.16,0.00,
100,11/15/1992,9:00,0.00,178.25,7.48,54.86,0.00,
101,11/15/1992,10:00,0.00,174.80,5.34,39.17,0.00,
102,11/15/1992,11:00,0.00,172.50,8.11,49.84,0.00,
103,11/15/1992,12:00,0.00,163.30,6.87,42.23,0.00,
104,11/15/1992,13:00,0.00,161.00,8.03,42.11,0.00,
105,11/15/1992,14:00,0.00,158.70,6.42,33.72,0.00,
106,11/15/1992,15:00,0.00,156.40,8.82,40.17,0.00,
107,11/15/1992,16:00,0.00,151.80,7.82,35.65,0.00,
108,11/15/1992,17:00,0.00,149.50,6.56,34.39,0.00,
109,11/15/1992,18:00,0.00,147.20,7.92,36.12,0.00,
110,11/15/1992,19:00,0.00,138.00,7.86,38.38,0.00,
111,11/15/1992,20:00,0.00,126.50,8.33,40.66,0.00,
112,11/15/1992,21:00,0.00,126.50,8.02,39.13,0.00,
113,11/15/1992,22:00,0.00,115.00,7.98,36.41,0.00,
114,11/15/1992,23:00,0.00,115.00,8.03,36.59,0.00,
115,11/15/1992,0:00,0.00,115.00,7.53,34.33,0.00,
116,11/15/1992,1:00,0.00,109.25,8.43,35.96,0.00,
117,11/15/1992,2:00,0.00,109.25,8.03,36.59,0.00,
118,11/15/1992,3:00,0.00,97.75,8.58,36.62,0.00,
119,11/15/1992,4:00,0.00,97.75,8.92,35.70,0.00,
120,11/15/1992,5:00,0.00,97.75,8.90,35.60,0.00,
121,11/15/1992,6:00,0.00,97.75,10.70,42.78,0.00,
122,11/16/1992,7:00,0.00,97.75,11.12,33.38,0.00,
123,11/16/1992,8:00,0.00,95.45,10.35,31.17,0.00,
124,11/16/1992,9:00,0.00,94.30,8.03,32.11,0.00,
125,11/16/1992,10:00,0.00,92.00,10.03,30.11,0.00,
126,11/16/1992,11:00,0.00,92.00,8.91,26.74,0.00,
127,11/16/1992,12:00,0.00,86.25,10.14,30.45,0.00,
128,11/16/1992,13:00,0.00,83.95,10.14,30.45,0.00,
129,11/16/1992,14:00,0.00,81.65,8.63,25.88,0.00,
130,11/16/1992,15:00,0.00,80.50,10.06,30.19,0.00,
131,11/16/1992,16:00,0.00,80.50,11.59,29.81,0.00,
132,11/16/1992,17:00,0.00,80.50,10.88,27.99,0.00,
133,11/16/1992,18:00,0.00,80.50,11.04,28.41,0.00,
134,11/16/1992,19:00,0.00,74.75,11.59,29.81,0.00,
135,11/16/1992,20:00,0.00,69.00,8.69,22.36,0.00,
136,11/16/1992,21:00,0.00,63.25,10.04,30.11,0.00,
137,11/16/1992,22:00,0.00,63.25,9.32,27.95,0.00,
138,11/16/1992,23:00,0.00,63.25,8.89,26.66,0.00,
139,11/16/1992,0:00,0.00,63.25,11.16,33.47,0.00,
140,11/16/1992,1:00,0.00,57.50,10.04,30.11,0.00,
141,11/16/1992,2:00,0.00,57.50,9.95,25.59,0.00,
142,11/16/1992,3:00,0.00,57.50,11.24,28.90,0.00,
143,11/16/1992,4:00,0.00,51.75,9.98,25.67,0.00,
144,11/16/1992,5:00,0.00,51.75,12.49,32.12,0.00,
145,11/16/1992,6:00,0.00,49.45,10.30,26.50,0.00,
146,11/17/1992,7:00,0.00,49.45,9.91,25.51,0.00,
147,11/17/1992,8:00,0.00,47.15,10.59,27.24,0.00,
148,11/17/1992,9:00,0.00,46.00,12.45,29.06,0.00,
149,11/17/1992,10:00,0.00,46.00,9.97,23.26,0.00,
150,11/17/1992,11:00,0.00,46.00,10.63,24.79,0.00,
151,11/17/1992,12:00,0.00,43.70,13.40,24.90,0.00,
152,11/17/1992,13:00,0.00,43.70,13.28,23.91,0.00,
153,11/17/1992,14:00,0.00,41.40,13.69,25.42,0.00,
154,11/17/1992,15:00,0.00,41.40,13.24,24.60,0.00,
155,11/17/1992,16:00,0.00,40.25,13.20,19.80,0.00,
156,11/17/1992,17:00,0.00,40.25,13.85,20.77,0.00,
157,11/17/1992,18:00,0.00,40.25,17.76,26.63,0.00,
158,11/17/1992,19:00,0.00,34.50,12.75,22.67,0.00,
159,11/17/1992,20:00,0.00,34.50,10.49,22.29,0.00,
160,11/17/1992,21:00,0.00,34.50,10.95,20.33,0.00,
161,11/17/1992,22:00,0.00,34.50,11.53,19.63,0.00,
162,11/17/1992,23:00,0.00,34.50,10.28,20.88,0.00,
163,11/17/1992,0:00,0.00,34.50,10.91,20.26,0.00,
164,11/17/1992,1:00,0.00,28.75,9.38,17.42,0.00,
165,11/17/1992,2:00,0.00,28.75,10.30,19.14,0.00,
166,11/17/1992,3:00,0.00,28.75,10.91,20.26,0.00,
167,11/17/1992,4:00,0.00,28.75,10.28,20.88,0.00,
168,11/17/1992,5:00,0.00,28.75,10.81,21.97,0.00,
169,11/17/1992,6:00,0.00,28.75,9.37,17.41,0.00,
170,11/18/1992,7:00,0.00,23.00,8.58,15.95,0.00,
171,11/18/1992,8:00,0.00,23.00,9.37,17.41,0.00,
172,11/18/1992,9:00,0.00,20.70,8.25,14.05,0.00,
173,11/18/1992,10:00,0.00,20.70,10.88,17.74,0.00,
174,11/18/1992,11:00,0.00,20.70,9.14,15.53,0.00,
175,11/18/1992,12:00,0.00,17.25,11.57,19.71,0.00,
176,11/18/1992,13:00,0.00,17.25,8.58,15.96,0.00,
177,11/18/1992,14:00,0.00,16.10,7.77,12.70,0.00,
178,11/18/1992,15:00,0.00,16.10,12.01,18.01,0.00,
179,11/18/1992,16:00,0.00,16.10,8.74,13.11,0.00,
180,11/18/1992,17:00,0.00,16.10,10.81,16.22,0.00,
181,11/18/1992,18:00,0.00,16.10,9.49,15.47,0.00,
182,11/18/1992,19:00,0.00,16.10,9.20,13.80,0.00,
183,11/18/1992,20:00,0.00,11.50,3.40,5.57,0.00,
184,11/18/1992,21:00,0.00,11.50,10.72,16.08,0.00,
185,11/18/1992,22:00,0.00,11.50,8.48,13.83,0.00,
186,11/18/1992,23:00,0.00,11.50,9.49,15.47,0.00,
187,11/18/1992,0:00,0.00,11.50,8.48,13.83,0.00,
188,11/18/1992,1:00,0.00,11.50,8.87,14.48,0.00,
189,11/18/1992,2:00,0.00,11.50,5.12,8.34,0.00,
190,11/18/1992,3:00,0.00,11.50,10.13,16.62,0.00,
191,11/18/1992,4:00,0.00,11.50,8.92,13.39,0.00,
192,11/18/1992,5:00,0.00,11.50,8.60,12.90,0.00,
193,11/18/1992,6:00,0.00,11.50,12.47,18.70,0.00,
194,11/19/1992,7:00,0.00,11.50,9.36,12.94,0.00,
195,11/19/1992,8:00,0.00,10.35,9.46,11.57,0.00,
196,11/19/1992,9:00,0.00,10.35,10.66,13.03,0.00,
197,11/19/1992,10:00,0.00,9.20,13.75,17.51,0.00,
198,11/19/1992,11:00,0.00,8.05,9.11,11.13,0.00,
199,11/19/1992,12:00,0.00,8.05,12.01,14.67,0.00,
200,11/19/1992,13:00,0.00,8.05,10.42,13.26,0.00,
201,11/19/1992,14:00,0.00,8.05,10.04,12.27,0.00,
202,11/19/1992,15:00,0.00,6.90,10.12,11.98,0.00,
203,11/19/1992,16:00,0.00,6.90,8.65,11.01,0.00,
204,11/19/1992,17:00,0.00,6.90,10.20,11.98,0.00,
205,11/19/1992,18:00,0.00,6.90,9.48,11.58,0.00,
206,11/19/1992,19:00,0.00,6.90,12.70,13.75,0.00,
207,11/19/1992,20:00,0.00,6.90,10.58,12.42,0.00,
208,11/19/1992,21:00,0.00,6.90,11.24,13.73,0.00,
209,11/19/1992,22:00,0.00,6.90,12.33,14.47,0.00,
210,11/19/1992,23:00,0.00,6.90,14.08,17.20,0.00,
211,11/19/1992,0:00,0.00,5.75,9.76,12.43,0.00,
212,11/19/1992,1:00,0.00,5.75,14.08,17.20,0.00,
213,11/19/1992,2:00,0.00,5.75,14.65,16.51,0.00,
214,11/19/1992,3:00,0.00,5.75,9.99,12.21,0.00,
215,11/19/1992,4:00,0.00,5.75,12.86,13.93,0.00,
216,11/19/1992,5:00,0.00,5.75,11.48,13.48,0.00,
217,11/19/1992,6:00,0.00,5.75,12.80,13.87,0.00,
218,11/20/1992,7:00,0.00,5.75,8.56,9.27,0.00,
219,11/20/1992,8:00,0.00,4.60,9.49,10.29,0.00,
220,11/20/1992,9:00,0.00,101.20,4.42,4.78,0.00,
221,11/20/1992,10:00,0.00,115.00,0.00,0.00,0.00,
222,11/20/1992,11:00,0.00,149.50,0.00,0.00,0.00,
223,11/20/1992,12:00,0.00,0.00,0.00,0.00,0.00,
224,11/20/1992,13:00,0.00,0.00,0.00,0.00,0.00,
225,11/20/1992,14:00,0.00,0.00,0.00,0.00,0.00,
226,11/20/1992,15:00,0.00,0.00,0.00,0.00,0.00,
227,11/20/1992,16:00,0.00,0.00,0.00,0.00,0.00,
228,11/20/1992,17:00,0.00,0.00,0.00,0.00,0.00,
229,11/20/1992,18:00,0.00,57.50,0.00,0.00,0.00,
230,11/20/1992,19:00,0.00,80.50,0.00,0.00,0.00,
231,11/20/1992,20:00,0.00,109.25,0.00,0.00,0.00,
232,11/20/1992,21:00,0.00,120.75,0.00,0.00,0.00,
233,11/20/1992,22:00,0.00,132.25,0.00,0.00,0.00,
234,11/20/1992,23:00,0.00,132.25,0.00,0.00,0.00,
235,11/20/1992,0:00,0.00,132.25,0.00,0.00,0.00,
236,11/20/1992,1:00,0.00,135.70,0.00,0.00,0.00,
237,11/20/1992,2:00,0.00,135.70,0.00,0.00,0.00,
238,11/20/1992,3:00,0.00,138.00,0.00,0.00,0.00,
239,11/20/1992,4:00,0.00,143.75,0.00,0.00,0.00,
240,11/20/1992,5:00,0.00,143.75,0.00,0.00,0.00,
241,11/20/1992,6:00,0.00,149.50,0.00,0.00,0.00,
242,11/21/1992,7:00,0.00,154.10,0.00,0.00,0.00,
243,11/21/1992,8:00,0.00,154.10,0.00,0.00,0.00,
244,11/21/1992,9:00,0.00,0.00,0.00,0.00,0.00,
245,11/21/1992,10:00,0.00,0.00,0.00,0.00,0.00,
246,11/21/1992,11:00,0.00,0.00,0.00,0.00,0.00,
247,11/21/1992,12:00,0.00,0.00,0.00,0.00,0.00,
248,11/21/1992,13:00,0.00,0.00,0.00,0.00,0.00,
249,11/21/1992,14:00,0.00,0.00,0.00,0.00,0.00,
250,11/21/1992,15:00,0.00,0.00,0.00,0.00,0.00,
251,11/21/1992,16:00,0.00,0.00,0.00,0.00,0.00,
252,11/21/1992,17:00,0.00,0.00,0.00,0.00,0.00,
253,11/21/1992,18:00,0.00,0.00,0.00,0.00,0.00,
254,11/21/1992,19:00,0.00,0.00,0.00,0.00,0.00,
255,11/21/1992,20:00,0.00,0.00,0.00,0.00,0.00,
256,11/21/1992,21:00,0.00,0.00,0.00,0.00,0.00,
257,11/21/1992,22:00,0.00,0.00,0.00,0.00,0.00,
258,11/21/1992,23:00,0.00,0.00,0.00,0.00,0.00,
259,11/21/1992,0:00,0.00,0.00,0.00,0.00,0.00,
260,11/21/1992,1:00,0.00,0.00,0.00,0.00,0.00,
261,11/21/1992,2:00,0.00,0.00,0.00,0.00,0.00,
262,11/21/1992,3:00,0.00,0.00,0.00,0.00,0.00,
263,11/21/1992,4:00,0.00,0.00,0.00,0.00,0.00,
264,11/21/1992,5:00,0.00,0.00,0.00,0.00,0.00,
265,11/21/1992,6:00,0.00,0.00,0.00,0.00,0.00,
266,11/22/1992,7:00,0.00,0.00,0.00,0.00,0.00,
267,11/22/1992,8:00,0.00,0.00,0.00,0.00,0.00,
268,11/22/1992,9:00,0.00,0.00,0.00,0.00,0.00,
269,11/22/1992,10:00,0.00,0.00,0.00,0.00,0.00,
270,11/22/1992,11:00,0.00,0.00,0.00,0.00,0.00,
271,11/22/1992,12:00,0.00,0.00,0.00,0.00,0.00,
272,11/22/1992,13:00,0.00,0.00,0.00,0.00,0.00,
273,11/22/1992,14:00,0.00,0.00,0.00,0.00,0.00,
274,11/22/1992,15:00,0.00,0.00,0.00,0.00,0.00,
275,11/22/1992,16:00,0.00,0.00,0.00,0.00,0.00,
276,11/22/1992,17:00,0.00,0.00,0.00,0.00,0.00,
277,11/22/1992,18:00,0.00,0.00,0.00,0.00,0.00,
278,11/22/1992,19:00,0.00,0.00,0.00,0.00,0.00,
279,11/22/1992,20:00,0.00,0.00,0.00,0.00,0.00,
280,11/22/1992,21:00,0.00,0.00,0.00,0.00,0.00,
281,11/22/1992,22:00,0.00,0.00,0.00,0.00,0.00,
282,11/22/1992,23:00,0.00,0.00,0.00,0.00,0.00,
283,11/22/1992,0:00,11.50,0.00,0.00,0.00,0.00,
284,11/22/1992,1:00,57.50,0.00,0.00,64.52,0.00,
285,11/22/1992,2:00,86.25,0.00,0.00,112.82,0.00,
286,11/22/1992,3:00,86.25,0.00,0.00,83.38,0.00,
287,11/22/1992,4:00,92.00,0.00,7.99,71.93,0.00,
288,11/22/1992,5:00,92.00,0.00,12.31,69.70,0.00,
289,11/22/1992,6:00,97.75,0.00,17.39,69.55,0.00,
290,11/23/1992,7:00,117.30,5.75,23.94,95.77,0.00,
291,11/23/1992,8:00,117.30,5.75,19.72,59.17,0.00,
292,11/23/1992,9:00,115.00,11.50,25.39,85.01,0.00,
293,11/23/1992,10:00,117.30,11.50,22.77,76.25,0.00,
294,11/23/1992,11:00,117.30,23.00,25.65,76.94,0.00,
295,11/23/1992,12:00,117.30,40.25,22.41,41.64,0.00,
296,11/23/1992,13:00,115.00,51.75,27.99,47.68,0.00,
297,11/23/1992,14:00,109.25,51.75,30.76,59.73,0.00,
298,11/23/1992,15:00,115.00,57.50,38.74,90.40,0.00,
299,11/23/1992,16:00,117.30,57.50,26.08,60.86,7.19,
300,11/23/1992,17:00,115.00,69.00,26.46,61.74,7.52,
301,11/23/1992,18:00,115.00,69.00,35.14,52.72,7.33,
302,11/23/1992,19:00,0.00,69.00,0.00,0.00,0.00,
303,11/23/1992,20:00,115.00,57.50,18.17,27.32,8.88,
304,11/23/1992,21:00,115.00,63.25,22.91,34.36,8.27,
305,11/23/1992,22:00,115.00,57.50,19.64,29.46,8.58,
306,11/23/1992,23:00,115.00,51.75,32.25,48.37,7.96,
307,11/23/1992,0:00,109.25,51.75,19.64,29.46,8.28,
308,11/23/1992,1:00,115.00,51.75,27.09,40.64,7.83,
309,11/23/1992,2:00,109.25,57.50,34.30,41.93,8.27,
310,11/23/1992,3:00,109.25,57.50,34.50,51.82,8.27,
311,11/23/1992,4:00,109.25,57.50,29.30,43.95,7.66,
312,11/23/1992,5:00,109.25,57.50,32.57,48.85,8.26,
313,11/23/1992,6:00,115.00,69.00,28.75,51.75,8.14,
314,11/24/1992,7:00,112.70,69.00,30.25,57.50,8.29,
315,11/24/1992,8:00,112.70,69.00,34.96,40.25,8.14,
316,11/24/1992,9:00,112.70,69.00,34.16,46.00,8.00,
317,11/24/1992,10:00,115.00,72.45,34.96,46.00,7.96,
318,11/24/1992,11:00,115.00,74.75,34.16,48.30,8.29,
319,11/24/1992,12:00,112.70,74.75,35.08,47.61,7.88,
320,11/24/1992,13:00,109.25,78.20,29.10,42.32,8.30,
321,11/24/1992,14:00,109.25,80.50,35.08,53.82,8.28,
322,11/24/1992,15:00,109.25,80.50,28.87,54.40,8.34,
323,11/24/1992,16:00,112.70,80.50,30.02,46.69,8.31,
324,11/24/1992,17:00,109.25,80.50,33.70,54.40,8.23,
325,11/24/1992,18:00,109.25,80.50,34.85,39.45,7.92,
326,11/24/1992,19:00,103.50,80.50,29.10,23.35,7.94,
327,11/24/1992,20:00,103.50,80.50,34.96,45.31,7.99,
328,11/24/1992,21:00,103.50,80.50,29.10,29.10,8.05,
329,11/24/1992,22:00,103.50,80.50,29.21,34.96,8.36,
330,11/24/1992,23:00,103.50,80.50,17.37,28.52,8.00,
331,11/24/1992,0:00,103.50,80.50,34.96,40.71,7.97,
332,11/24/1992,1:00,103.50,46.00,17.48,41.52,7.97,
333,11/24/1992,2:00,103.50,46.00,38.41,29.10,8.05,
334,11/24/1992,3:00,103.50,46.00,17.48,37.26,8.40,
335,11/24/1992,4:00,101.20,46.00,40.83,27.83,8.05,
336,11/24/1992,5:00,101.20,46.00,34.73,46.46,8.43,
337,11/24/1992,6:00,103.50,46.00,52.44,52.33,8.08,
338,11/25/1992,7:00,103.50,51.75,58.31,46.23,8.63,
339,11/25/1992,8:00,103.50,51.75,41.17,40.60,8.07,
340,11/25/1992,9:00,103.50,51.75,40.71,38.41,8.67,
341,11/25/1992,10:00,101.20,51.75,42.67,57.85,8.53,
342,11/25/1992,11:00,101.20,51.75,42.09,34.73,8.28,
343,11/25/1992,12:00,103.50,51.75,43.70,33.01,8.63,
344,11/25/1992,13:00,101.20,51.75,31.40,34.96,8.28,
345,11/25/1992,14:00,101.20,57.50,23.23,23.35,8.61,
346,11/25/1992,15:00,100.05,57.50,32.09,28.75,8.61,
347,11/25/1992,16:00,97.75,57.50,16.79,38.07,8.76,
348,11/25/1992,17:00,95.45,63.25,38.53,31.74,8.41,
349,11/25/1992,18:00,92.00,69.00,28.87,35.08,8.41,
350,11/25/1992,19:00,92.00,80.50,32.55,34.73,8.13,
351,11/25/1992,20:00,92.00,80.50,36.23,29.21,8.17,
352,11/25/1992,21:00,92.00,80.50,17.48,21.97,7.21,
353,11/25/1992,22:00,89.70,69.00,23.35,34.96,7.73,
354,11/25/1992,23:00,86.25,69.00,29.44,23.23,8.26,
355,11/25/1992,0:00,86.25,69.00,27.37,23.35,7.98,
356,11/25/1992,1:00,86.25,69.00,29.21,29.21,7.75,
357,11/25/1992,2:00,86.25,69.00,17.37,20.70,7.35,
358,11/25/1992,3:00,86.25,69.00,29.21,29.10,8.06,
359,11/25/1992,4:00,86.25,69.00,17.37,17.37,8.06,
360,11/25/1992,5:00,80.50,69.00,23.23,23.23,8.08,
361,11/25/1992,6:00,86.25,63.25,32.55,29.56,8.46,
362,11/26/1992,7:00,86.25,63.25,31.28,29.56,8.40,
363,11/26/1992,8:00,86.25,63.25,29.56,23.23,8.30,
364,11/26/1992,9:00,80.50,57.50,26.22,28.98,7.99,
365,11/26/1992,10:00,80.50,57.50,28.98,25.53,8.29,
366,11/26/1992,11:00,80.50,57.50,26.80,28.18,8.28,
367,11/26/1992,12:00,80.50,57.50,24.73,26.80,7.94,
368,11/26/1992,13:00,80.50,57.50,26.22,29.10,8.29,
369,11/26/1992,14:00,80.50,57.50,23.35,22.77,8.71,
370,11/26/1992,15:00,92.00,63.25,22.31,27.37,8.74,
371,11/26/1992,16:00,86.25,63.25,25.65,24.38,8.97,
372,11/26/1992,17:00,83.95,63.25,22.77,23.92,8.67,
373,11/26/1992,18:00,80.50,69.00,22.89,26.91,8.11,
374,11/26/1992,19:00,74.75,69.00,31.51,25.42,8.17,
375,11/26/1992,20:00,74.75,69.00,29.21,27.49,8.19,
376,11/26/1992,21:00,74.75,69.00,26.11,27.72,8.20,
377,11/26/1992,22:00,80.50,63.25,17.37,29.10,8.46,
378,11/26/1992,23:00,74.75,63.25,29.10,25.42,8.13,
379,11/26/1992,0:00,74.75,63.25,23.23,29.10,8.45,
380,11/26/1992,1:00,74.75,63.25,29.10,15.76,8.26,
381,11/26/1992,2:00,74.75,63.25,23.35,22.43,7.50,
382,11/26/1992,3:00,74.75,63.25,24.38,24.15,7.71,
383,11/26/1992,4:00,69.00,63.25,23.12,25.76,7.45,
384,11/26/1992,5:00,69.00,63.25,24.50,23.58,8.43,
385,11/26/1992,6:00,74.75,63.25,16.33,18.52,8.74,
386,11/27/1992,7:00,80.50,69.00,23.00,21.28,8.71,
387,11/27/1992,8:00,80.50,69.00,35.19,33.35,8.69,
388,11/27/1992,9:00,82.80,63.25,23.23,29.33,8.08,
389,11/27/1992,10:00,80.50,69.00,31.05,34.85,7.07,
390,11/27/1992,11:00,80.50,69.00,17.83,23.23,8.05,
391,11/27/1992,12:00,138.00,132.25,17.60,17.48,11.79,
392,11/27/1992,13:00,57.50,46.00,23.23,17.37,5.52,
393,11/27/1992,14:00,69.00,46.00,11.62,13.57,5.91,
394,11/27/1992,15:00,74.75,57.50,17.48,19.32,6.54,
395,11/27/1992,16:00,72.45,63.25,17.48,13.57,7.07,
396,11/27/1992,17:00,69.00,63.25,18.52,20.36,7.02,
397,11/27/1992,18:00,63.25,63.25,18.06,23.35,4.80,
398,11/27/1992,19:00,69.00,63.25,18.40,22.31,6.51,
399,11/27/1992,20:00,63.25,57.50,17.48,20.93,5.21,
400,11/27/1992,21:00,63.25,57.50,17.37,20.59,5.00,
401,11/27/1992,22:00,57.50,57.50,13.78,19.90,5.04,
402,11/27/1992,23:00,63.25,57.50,17.83,21.16,5.04,
403,11/27/1992,0:00,69.00,57.50,14.15,17.48,6.72,
404,11/27/1992,1:00,63.25,57.50,15.18,17.37,5.18,
405,11/27/1992,2:00,63.25,57.50,16.91,22.08,5.18,
406,11/27/1992,3:00,63.25,57.50,17.48,20.82,5.19,
407,11/27/1992,4:00,63.25,57.50,20.13,23.12,5.34,
408,11/27/1992,5:00,69.00,57.50,18.63,22.31,5.34,
409,11/27/1992,6:00,69.00,63.25,13.92,15.07,6.51,
410,11/28/1992,7:00,69.00,63.25,23.46,22.43,5.98,
411,11/28/1992,8:00,63.25,63.25,17.37,19.90,6.42,
412,11/28/1992,9:00,66.70,57.50,17.60,20.82,5.66,
413,11/28/1992,10:00,71.30,66.70,15.64,18.17,6.00,
414,11/28/1992,11:00,57.50,63.25,16.91,18.52,6.01,
415,11/28/1992,12:00,57.50,63.25,11.62,25.65,5.99,
416,11/28/1992,13:00,57.50,57.50,13.46,21.74,5.52,
417,11/28/1992,14:00,60.95,57.50,25.42,24.15,5.06,
418,11/28/1992,15:00,65.55,57.50,18.52,25.30,7.13,
419,11/28/1992,16:00,92.00,92.00,20.70,18.63,9.43,
420,11/28/1992,17:00,62.10,57.50,18.17,20.82,6.52,
421,11/28/1992,18:00,63.25,57.50,14.84,18.63,5.50,
422,11/28/1992,19:00,62.10,57.50,14.49,18.17,6.39,
423,11/28/1992,20:00,69.00,57.50,15.07,17.48,6.83,
424,11/28/1992,21:00,80.50,57.50,14.61,18.06,9.09,
425,11/28/1992,22:00,63.25,57.50,17.60,20.82,5.73,
426,11/28/1992,23:00,86.25,92.00,14.38,20.36,8.90,
427,11/28/1992,0:00,63.25,57.50,16.45,18.75,5.35,
428,11/28/1992,1:00,57.50,57.50,14.03,17.25,5.67,
429,11/28/1992,2:00,57.50,57.50,15.18,19.21,5.20,
430,11/28/1992,3:00,69.00,57.50,14.38,18.98,6.82,
431,11/28/1992,4:00,69.00,57.50,17.83,21.16,6.75,
432,11/28/1992,5:00,69.00,57.50,15.76,19.90,6.13,
433,11/28/1992,6:00,69.00,57.50,17.60,18.40,6.56,
434,11/29/1992,7:00,74.75,57.50,11.73,16.22,7.49,
435,11/29/1992,8:00,66.70,57.50,13.00,15.30,6.20,
436,11/29/1992,9:00,65.55,57.50,17.48,18.40,6.47,
437,11/29/1992,10:00,63.25,57.50,11.73,16.22,6.80,
438,11/29/1992,11:00,63.25,57.50,13.00,17.37,6.81,
439,11/29/1992,12:00,69.00,57.50,17.48,17.94,6.82,
440,11/29/1992,13:00,69.00,57.50,17.02,18.63,7.12,
441,11/29/1992,14:00,69.00,57.50,15.76,14.03,6.98,
442,11/29/1992,15:00,63.25,57.50,21.16,22.31,6.99,
443,11/29/1992,16:00,63.25,57.50,19.09,27.60,6.90,
444,11/29/1992,17:00,69.00,57.50,15.18,18.52,6.89,
445,11/29/1992,18:00,69.00,57.50,17.48,19.67,6.82,
446,11/29/1992,19:00,69.00,57.50,14.15,17.94,6.82,
447,11/29/1992,20:00,69.00,57.50,13.46,15.87,6.92,
448,11/29/1992,21:00,74.75,57.50,15.41,17.48,6.85,
449,11/29/1992,22:00,69.00,57.50,11.62,14.15,6.85,
450,11/29/1992,23:00,63.25,57.50,13.80,17.60,6.70,
451,11/29/1992,0:00,63.25,57.50,15.18,17.02,7.16,
452,11/29/1992,1:00,63.25,57.50,13.57,15.99,7.07,
453,11/29/1992,2:00,63.25,57.50,14.61,17.48,6.07,
454,11/29/1992,3:00,57.50,51.75,14.26,17.37,6.77,
455,11/29/1992,4:00,57.50,51.75,13.34,15.41,6.10,
456,11/29/1992,5:00,63.25,57.50,11.96,17.37,6.82,
457,11/29/1992,6:00,69.00,57.50,17.60,18.17,6.58,
458,11/30/1992,7:00,63.25,57.50,14.15,20.47,6.85,
459,11/30/1992,8:00,69.00,57.50,15.41,18.17,6.92,
460,11/30/1992,9:00,69.00,57.50,15.18,16.79,6.91,
461,11/30/1992,10:00,63.25,57.50,12.88,14.38,6.88,
462,11/30/1992,11:00,63.25,57.50,15.64,17.37,6.43,
463,11/30/1992,12:00,63.25,57.50,15.41,11.73,6.52,
464,11/30/1992,13:00,63.25,57.50,11.62,13.46,6.87,
465,11/30/1992,14:00,63.25,57.50,12.08,14.38,6.90,
466,11/30/1992,15:00,63.25,57.50,13.80,15.18,6.89,
467,11/30/1992,16:00,63.25,57.50,16.45,17.48,6.84,
468,11/30/1992,17:00,63.25,57.50,14.84,16.91,6.79,
469,11/30/1992,18:00,63.25,57.50,16.91,19.90,6.70,
470,11/30/1992,19:00,63.25,57.50,15.30,11.73,6.79,
471,11/30/1992,20:00,63.25,57.50,14.15,11.62,6.38,
472,11/30/1992,21:00,63.25,57.50,11.85,13.46,6.72,
473,11/30/1992,22:00,63.25,57.50,14.38,15.41,6.60,
474,11/30/1992,23:00,69.00,57.50,16.45,17.48,6.70,
475,11/30/1992,0:00,63.25,57.50,13.46,15.07,6.70,
476,11/30/1992,1:00,57.50,51.75,17.48,17.48,5.84,
477,11/30/1992,2:00,63.25,57.50,17.48,17.48,6.54,
478,11/30/1992,3:00,63.25,57.50,16.91,18.98,6.70,
479,11/30/1992,4:00,63.25,57.50,14.61,11.62,5.97,
480,11/30/1992,5:00,63.25,57.50,13.57,11.85,5.87,
481,11/30/1992,6:00,63.25,57.50,12.77,11.62,6.69,
482,12/1/1992,7:00,63.25,57.50,12.77,11.73,6.79,
483,12/1/1992,8:00,63.25,57.50,15.18,10.47,6.67,
484,12/1/1992,9:00,63.25,57.50,12.88,14.38,6.60,
485,12/1/1992,10:00,63.25,57.50,17.14,18.06,6.69,
486,12/1/1992,11:00,63.25,57.50,15.64,14.15,6.30,
487,12/1/1992,12:00,63.25,57.50,18.52,16.68,6.74,
488,12/1/1992,13:00,63.25,57.50,18.63,16.33,6.33,
489,12/1/1992,14:00,63.25,57.50,18.63,17.37,6.15,
490,12/1/1992,15:00,63.25,57.50,14.38,14.03,6.67,
491,12/1/1992,16:00,63.25,57.50,15.53,12.31,6.67,
492,12/1/1992,17:00,63.25,57.50,15.87,12.77,6.68,
493,12/1/1992,18:00,63.25,57.50,18.63,15.53,5.84,
494,12/1/1992,19:00,63.25,57.50,19.32,16.33,5.85,
495,12/1/1992,20:00,63.25,57.50,16.45,14.61,5.85,
496,12/1/1992,21:00,57.50,57.50,18.06,14.26,5.83,
497,12/1/1992,22:00,57.50,51.75,11.62,10.01,6.47,
498,12/1/1992,23:00,57.50,51.75,17.48,13.46,5.84,
499,12/1/1992,0:00,57.50,51.75,17.48,11.62,6.54,
500,12/1/1992,1:00,57.50,51.75,16.91,14.15,6.19,
501,12/1/1992,2:00,57.50,51.75,14.61,10.81,6.53,
502,12/1/1992,3:00,57.50,51.75,13.69,10.70,6.53,
503,12/1/1992,4:00,57.50,51.75,15.64,13.34,6.38,
504,12/1/1992,5:00,57.50,51.75,14.61,10.81,6.65,
505,12/1/1992,6:00,63.25,51.75,11.27,10.47,6.28,
506,12/2/1992,7:00,59.80,51.75,17.60,11.62,6.52,
507,12/2/1992,8:00,59.80,51.75,11.62,9.32,6.50,
508,12/2/1992,9:00,59.80,51.75,11.62,10.47,6.47,
509,12/2/1992,10:00,59.80,54.05,16.33,14.61,6.44,
510,12/2/1992,11:00,57.50,51.75,13.92,11.62,6.46,
511,12/2/1992,12:00,57.50,51.75,17.94,13.00,6.56,
512,12/2/1992,13:00,57.50,51.75,16.56,12.08,6.41,
513,12/2/1992,14:00,59.80,57.50,17.37,11.16,6.59,
514,12/2/1992,15:00,60.95,57.50,17.48,11.62,6.58,
515,12/2/1992,16:00,59.80,57.50,17.48,13.57,6.64,
516,12/2/1992,17:00,60.95,57.50,17.02,11.73,6.59,
517,12/2/1992,18:00,59.80,57.50,11.62,9.32,6.50,
518,12/2/1992,19:00,57.50,51.75,17.48,17.71,6.57,
519,12/2/1992,20:00,57.50,51.75,14.61,12.19,6.66,
520,12/2/1992,21:00,59.80,51.75,17.48,11.16,6.61,
521,12/2/1992,22:00,57.50,51.75,17.48,11.62,6.61,
522,12/2/1992,23:00,57.50,51.75,17.48,11.62,6.59,
523,12/2/1992,0:00,57.50,51.75,17.48,11.16,6.31,
524,12/2/1992,1:00,59.80,51.75,11.62,9.32,6.35,
525,12/2/1992,2:00,57.50,51.75,16.79,8.97,6.76,
526,12/2/1992,3:00,57.50,51.75,14.61,12.19,6.79,
527,12/2/1992,4:00,57.50,51.75,11.62,9.32,6.76,
528,12/2/1992,5:00,57.50,51.75,15.41,10.93,6.75,
529,12/2/1992,6:00,58.65,51.75,11.73,8.17,7.15,
530,12/3/1992,7:00,57.50,51.75,14.03,8.05,6.84,
531,12/3/1992,8:00,57.50,51.75,11.85,11.73,6.45,
532,12/3/1992,9:00,57.50,51.75,17.48,11.62,6.87,
533,12/3/1992,10:00,59.80,51.75,17.48,8.05,6.45,
534,12/3/1992,11:00,60.95,51.75,14.49,9.20,6.73,
535,12/3/1992,12:00,57.50,51.75,11.62,10.35,6.82,
536,12/3/1992,13:00,57.50,51.75,13.23,11.73,6.70,
537,12/3/1992,14:00,57.50,51.75,13.92,11.50,6.73,
538,12/3/1992,15:00,57.50,51.75,16.22,13.80,6.75,
539,12/3/1992,16:00,57.50,54.05,12.65,8.05,6.82,
540,12/3/1992,17:00,59.80,51.75,14.15,12.31,6.41,
541,12/3/1992,18:00,57.50,51.75,17.94,11.62,6.45,
542,12/3/1992,19:00,57.50,51.75,14.26,10.93,6.41,
543,12/3/1992,20:00,57.50,51.75,17.14,11.73,6.41,
544,12/3/1992,21:00,57.50,51.75,17.60,11.62,6.76,
545,12/3/1992,22:00,57.50,51.75,11.62,11.62,6.87,
546,12/3/1992,23:00,57.50,51.75,17.48,11.62,6.70,
547,12/3/1992,0:00,57.50,51.75,17.48,11.62,6.76,
548,12/3/1992,1:00,57.50,51.75,12.65,8.05,6.88,
549,12/3/1992,2:00,57.50,51.75,14.26,10.93,5.99,
550,12/3/1992,3:00,57.50,51.75,17.48,11.62,6.90,
551,12/3/1992,4:00,57.50,51.75,17.14,11.16,6.88,
552,12/3/1992,5:00,57.50,51.75,15.76,11.04,6.53,
553,12/3/1992,6:00,57.50,51.75,17.37,11.50,6.89,
554,12/4/1992,7:00,59.80,51.75,17.60,11.62,6.88,
555,12/4/1992,8:00,57.50,51.75,18.63,10.81,6.26,
556,12/4/1992,9:00,62.10,51.75,16.33,9.09,7.38,
557,12/4/1992,10:00,59.80,51.75,17.48,11.50,6.79,
558,12/4/1992,11:00,59.80,51.75,17.48,11.62,6.79,
559,12/4/1992,12:00,59.80,51.75,18.75,8.17,6.46,
560,12/4/1992,13:00,59.80,57.50,17.25,12.65,6.53,
561,12/4/1992,14:00,57.50,57.50,13.80,6.90,6.81,
562,12/4/1992,15:00,57.50,51.75,10.81,8.05,6.87,
563,12/4/1992,16:00,63.25,57.50,18.75,12.19,6.92,
564,12/4/1992,17:00,60.95,57.50,16.45,9.32,6.81,
565,12/4/1992,18:00,57.50,57.50,11.62,7.25,6.47,
566,12/4/1992,19:00,63.25,51.75,10.81,8.05,7.81,
567,12/4/1992,20:00,57.50,51.75,17.48,11.62,6.19,
568,12/4/1992,21:00,60.95,51.75,17.48,11.62,7.04,
569,12/4/1992,22:00,57.50,51.75,16.45,9.32,7.16,
570,12/4/1992,23:00,57.50,51.75,17.25,12.65,6.03,
571,12/4/1992,0:00,57.50,51.75,17.48,10.24,7.22,
572,12/4/1992,1:00,57.50,51.75,16.45,10.58,6.13,
573,12/4/1992,2:00,57.50,51.75,17.48,11.62,6.41,
574,12/4/1992,3:00,57.50,51.75,11.50,7.71,6.96,
575,12/4/1992,4:00,63.25,57.50,11.04,11.62,6.95,
576,12/4/1992,5:00,57.50,51.75,11.50,7.71,6.59,
577,12/4/1992,6:00,57.50,51.75,16.22,11.62,6.84,
578,12/5/1992,7:00,59.80,51.75,18.75,11.62,7.28,
579,12/5/1992,8:00,46.00,46.00,17.48,11.62,4.91,
580,12/5/1992,9:00,57.50,57.50,11.62,7.59,6.92,
581,12/5/1992,10:00,57.50,51.75,17.48,11.04,6.90,
582,12/5/1992,11:00,57.50,51.75,17.60,11.62,6.76,
583,12/5/1992,12:00,56.35,51.75,12.42,9.32,6.28,
584,12/5/1992,13:00,57.50,57.50,14.15,11.50,7.21,
585,12/5/1992,14:00,64.40,57.50,14.38,11.73,8.19,
586,12/5/1992,15:00,46.00,51.75,16.33,10.70,5.60,
587,12/5/1992,16:00,57.50,51.75,11.62,8.86,6.51,
588,12/5/1992,17:00,57.50,51.75,14.26,9.55,6.46,
589,12/5/1992,18:00,57.50,51.75,11.62,8.86,4.46,
590,12/5/1992,19:00,57.50,51.75,14.15,11.50,6.89,
591,12/5/1992,20:00,57.50,51.75,10.58,7.13,6.90,
592,12/5/1992,21:00,57.50,51.75,11.62,8.86,7.48,
593,12/5/1992,22:00,63.25,57.50,15.07,11.16,6.56,
594,12/5/1992,23:00,74.75,63.25,17.48,11.62,7.73,
595,12/5/1992,0:00,57.50,51.75,14.15,11.50,6.05,
596,12/5/1992,1:00,63.25,57.50,11.73,8.40,7.22,
597,12/5/1992,2:00,63.25,57.50,15.76,10.70,6.90,
598,12/5/1992,3:00,63.25,57.50,13.46,11.27,7.15,
599,12/5/1992,4:00,51.75,46.00,11.62,7.48,5.74,
600,12/5/1992,5:00,57.50,51.75,13.00,9.32,5.42,
601,12/5/1992,6:00,69.00,57.50,17.94,11.50,7.59,
602,12/6/1992,7:00,57.50,51.75,16.45,13.00,6.91,
603,12/6/1992,8:00,63.25,57.50,18.86,12.42,7.19,
604,12/6/1992,9:00,66.70,57.50,15.64,9.43,7.16,
605,12/6/1992,10:00,57.50,57.50,11.85,15.07,6.56,
606,12/6/1992,11:00,60.95,54.05,14.38,11.04,6.21,
607,12/6/1992,12:00,57.50,57.50,11.62,11.62,6.88,
608,12/6/1992,13:00,57.50,64.40,11.73,10.81,6.56,
609,12/6/1992,14:00,69.00,59.80,14.49,13.80,7.84,
610,12/6/1992,15:00,57.50,57.50,15.07,11.62,6.88,
611,12/6/1992,16:00,66.70,57.50,11.62,8.17,6.90,
612,12/6/1992,17:00,65.55,57.50,15.64,11.62,6.97,
613,12/6/1992,18:00,55.20,51.75,13.57,11.62,6.77,
614,12/6/1992,19:00,69.00,51.75,15.07,11.62,7.25,
615,12/6/1992,20:00,63.25,57.50,11.73,7.71,6.72,
616,12/6/1992,21:00,63.25,51.75,11.62,5.75,6.24,
617,12/6/1992,22:00,57.50,51.75,10.47,8.40,7.99,
618,12/6/1992,23:00,57.50,51.75,12.65,7.48,6.68,
619,12/6/1992,0:00,57.50,51.75,11.62,6.90,5.85,
620,12/6/1992,1:00,63.25,51.75,15.64,11.62,7.28,
621,12/6/1992,2:00,51.75,46.00,11.62,6.33,5.87,
622,12/6/1992,3:00,57.50,51.75,13.57,10.01,7.07,
623,12/6/1992,4:00,57.50,51.75,11.62,6.44,8.52,
624,12/6/1992,5:00,57.50,51.75,10.58,6.10,7.08,
625,12/6/1992,6:00,69.00,51.75,11.62,11.16,7.16,
626,12/7/1992,7:00,63.25,51.75,14.15,10.01,7.13,
627,12/7/1992,8:00,63.25,51.75,13.57,8.40,5.30,
628,12/7/1992,9:00,63.25,51.75,11.62,6.67,7.16,
629,12/7/1992,10:00,57.50,46.00,13.00,7.71,5.85,
630,12/7/1992,11:00,51.75,46.00,11.62,7.02,5.87,
631,12/7/1992,12:00,51.75,51.75,10.47,5.75,6.90,
632,12/7/1992,13:00,57.50,57.50,16.33,11.85,6.21,
633,12/7/1992,14:00,55.20,57.50,10.35,7.02,6.18,
634,12/7/1992,15:00,57.50,57.50,15.30,8.17,6.83,
635,12/7/1992,16:00,55.20,57.50,17.48,11.62,6.21,
636,12/7/1992,17:00,57.50,57.50,15.76,11.04,6.35,
637,12/7/1992,18:00,57.50,51.75,10.35,7.02,6.35,
638,12/7/1992,19:00,57.50,51.75,11.73,7.71,5.89,
639,12/7/1992,20:00,57.50,51.75,13.00,5.75,6.81,
640,12/7/1992,21:00,57.50,51.75,11.73,5.75,5.69,
641,12/7/1992,22:00,63.25,57.50,11.62,7.13,6.95,
642,12/7/1992,23:00,57.50,51.75,17.48,11.50,6.69,
643,12/7/1992,0:00,51.75,46.00,11.73,6.56,5.74,
644,12/7/1992,1:00,57.50,51.75,11.62,7.71,6.90,
645,12/7/1992,2:00,57.50,51.75,10.35,6.56,6.95,
646,12/7/1992,3:00,51.75,46.00,13.23,7.25,5.78,
647,12/7/1992,4:00,57.50,51.75,17.48,11.62,6.45,
648,12/7/1992,5:00,57.50,51.75,15.41,9.09,6.95,
649,12/7/1992,6:00,40.25,46.00,11.62,7.71,5.91,
650,12/8/1992,7:00,69.00,57.50,13.23,8.86,7.19,
651,12/8/1992,8:00,8.05,69.00,17.48,8.51,7.98,
652,12/8/1992,9:00,51.75,46.00,11.39,7.82,5.54,
653,12/8/1992,10:00,57.50,57.50,10.70,6.67,6.23,
654,12/8/1992,11:00,57.50,57.50,13.92,9.89,6.31,
655,12/8/1992,12:00,51.75,51.75,14.03,7.02,5.90,
656,12/8/1992,13:00,48.30,51.75,11.62,7.02,5.90,
657,12/8/1992,14:00,69.00,69.00,17.48,9.32,7.21,
658,12/8/1992,15:00,69.00,69.00,14.03,7.02,8.20,
659,12/8/1992,16:00,69.00,69.00,17.60,11.62,5.64,
660,12/8/1992,17:00,63.25,57.50,13.00,9.66,6.61,
661,12/8/1992,18:00,80.50,74.75,10.70,6.67,9.67,
662,12/8/1992,19:00,46.00,46.00,11.73,7.02,5.31,
663,12/8/1992,20:00,51.75,46.00,11.62,7.02,5.69,
664,12/8/1992,21:00,69.00,63.25,11.73,5.87,7.94,
665,12/8/1992,22:00,69.00,63.25,13.00,5.87,8.31,
666,12/8/1992,23:00,51.75,46.00,17.48,11.62,5.99,
667,12/8/1992,0:00,69.00,63.25,17.48,9.89,7.30,
668,12/8/1992,1:00,74.75,69.00,17.37,8.28,8.98,
669,12/8/1992,2:00,46.00,46.00,11.50,5.87,4.93,
670,12/8/1992,3:00,57.50,51.75,15.76,10.24,4.95,
671,12/8/1992,4:00,69.00,63.25,13.00,7.71,8.83,
672,12/8/1992,5:00,63.25,57.50,11.50,5.87,7.28,
673,12/8/1992,6:00,28.75,46.00,11.62,6.44,4.86,
674,12/9/1992,7:00,69.00,57.50,17.48,8.63,7.69,
675,12/9/1992,8:00,69.00,69.00,16.56,6.90,8.87,
676,12/9/1992,9:00,51.75,57.50,14.61,7.48,6.92,
677,12/9/1992,10:00,46.00,57.50,10.70,5.75,5.81,
678,12/9/1992,11:00,51.75,51.75,14.61,7.25,5.92,
679,12/9/1992,12:00,74.75,74.75,17.37,6.90,8.46,
680,12/9/1992,13:00,57.50,57.50,17.37,8.17,7.02,
681,12/9/1992,14:00,46.00,46.00,18.40,8.17,5.52,
682,12/9/1992,15:00,63.25,57.50,11.85,5.75,7.37,
683,12/9/1992,16:00,63.25,57.50,17.60,6.90,7.42,
684,12/9/1992,17:00,69.00,69.00,15.41,7.02,8.17,
685,12/9/1992,18:00,51.75,46.00,11.62,11.62,3.55,
686,12/9/1992,19:00,46.00,46.00,11.50,5.75,5.38,
687,12/9/1992,20:00,57.50,51.75,11.85,11.73,10.57,
688,12/9/1992,21:00,63.25,57.50,17.48,9.55,8.88,
689,12/9/1992,22:00,49.45,52.90,11.62,5.75,5.55,
690,12/9/1992,23:00,71.30,52.90,11.62,5.87,5.16,
691,12/9/1992,0:00,74.75,69.00,17.48,11.62,8.88,
692,12/9/1992,1:00,69.00,69.00,5.87,5.87,7.88,
693,12/9/1992,2:00,44.85,46.00,5.75,5.75,4.46,
694,12/9/1992,3:00,66.70,54.05,11.62,5.75,6.69,
695,12/9/1992,4:00,66.70,57.50,17.48,6.79,9.55,
696,12/9/1992,5:00,69.00,63.25,11.85,5.87,8.90,
697,12/9/1992,6:00,34.50,40.25,12.54,5.75,4.38,
698,12/10/1992,7:00,69.00,63.25,17.83,11.39,6.91,
699,12/10/1992,8:00,80.50,69.00,17.14,8.40,8.90,
700,12/10/1992,9:00,46.00,46.00,11.50,5.75,5.95,
701,12/10/1992,10:00,46.00,46.00,11.62,5.87,6.15,
702,12/10/1992,11:00,51.75,46.00,14.15,7.13,5.89,
703,12/10/1992,12:00,63.25,57.50,11.62,9.78,8.10,
704,12/10/1992,13:00,40.25,40.25,11.62,6.33,5.19,
705,12/10/1992,14:00,51.75,51.75,11.62,7.02,6.10,
706,12/10/1992,15:00,74.75,74.75,23.35,5.87,9.37,
707,12/10/1992,16:00,69.00,69.00,20.93,5.87,8.43,
708,12/10/1992,17:00,69.00,63.25,19.09,7.02,7.77,
709,12/10/1992,18:00,34.50,34.50,11.62,5.75,3.94,
710,12/10/1992,19:00,34.50,34.50,11.62,5.75,3.97,
711,12/10/1992,20:00,82.80,74.75,11.85,5.87,10.17,
712,12/10/1992,21:00,86.25,80.50,11.62,5.87,10.03,
713,12/10/1992,22:00,57.50,51.75,0.00,0.00,5.96,
714,12/10/1992,23:00,23.00,23.00,0.00,0.00,2.90,
715,12/10/1992,0:00,32.20,26.45,0.00,0.00,4.08,
716,12/10/1992,1:00,0.00,23.00,0.00,0.00,0.00,
717,12/10/1992,2:00,0.00,23.00,0.00,0.00,0.00,
718,12/10/1992,3:00,0.00,0.00,0.00,0.00,0.00,
719,12/10/1992,4:00,63.25,57.50,11.62,11.62,7.06,
720,12/10/1992,5:00,57.50,51.75,11.62,11.62,6.19,
721,12/10/1992,6:00,34.50,46,14.49,7.02,4.06,
722,12/11/1992,7:00,63.25,69,17.37,6.67,7.51,
723,12/11/1992,8:00,69.00,69,11.73,5.75,9.18,
724,12/11/1992,9:00,69.00,69,13.92,9.43,9.57,
725,12/11/1992,10:00,63.25,69,13.92,8.05,8.46,
726,12/11/1992,11:00,63.25,63,16.22,7.25,7.25,
727,12/11/1992,12:00,63.25,63.25,11.73,7.02,7.35,
728,12/11/1992,13:00,69.00,69.00,14.15,5.87,7.43,
729,12/11/1992,14:00,69.00,69.00,11.62,5.87,8.69,
730,12/11/1992,15:00,69.00,69.00,8.40,5.18,7.42,
731,12/11/1992,16:00,69.00,57.50,14.03,5.75,7.37,
732,12/11/1992,17:00,69.00,63.25,15.30,5.87,7.39,
733,12/11/1992,18:00,74.75,69.00,11.50,10.35,7.73,
734,12/11/1992,19:00,74.75,69.00,11.62,10.24,7.73,
735,12/11/1992,20:00,74.75,69.00,11.62,5.29,7.74,
736,12/11/1992,21:00,74.75,69.00,17.48,5.18,7.73,
737,12/11/1992,22:00,74.75,74.75,17.48,10.24,7.75,
738,12/11/1992,23:00,74.75,69.00,11.62,5.06,8.13,
739,12/11/1992,0:00,74.75,69.00,17.48,10.35,8.49,
740,12/11/1992,1:00,77.05,69.00,17.48,5.06,9.14,
741,12/11/1992,2:00,72.45,69.00,11.73,5.18,9.44,
742,12/11/1992,3:00,74.75,69.00,17.37,10.24,9.46,
743,12/11/1992,4:00,69.00,63.25,11.73,5.06,8.86,
744,12/11/1992,5:00,69.00,63.25,11.62,5.06,8.82,
745,12/11/1992,6:00,74.75,74.75,11.62,5.06,9.78,
746,12/12/1992,7:00,57.50,57.50,11.73,5.18,7.54,
747,12/12/1992,8:00,57.50,57.50,11.73,5.06,8.41,
748,12/12/1992,9:00,57.50,57.50,11.62,5.29,7.83,
749,12/12/1992,10:00,69.00,80.50,17.37,9.55,8.91,
750,12/12/1992,11:00,63.25,69.00,14.26,5.06,8.42,
751,12/12/1992,12:00,57.50,69.00,17.48,8.05,8.68,
752,12/12/1992,13:00,57.50,69.00,11.73,5.75,8.14,
753,12/12/1992,14:00,59.80,69.00,17.37,7.02,7.12,
754,12/12/1992,15:00,57.50,69.00,16.33,6.90,6.76,
755,12/12/1992,16:00,60.95,69.00,11.62,7.02,6.79,
756,12/12/1992,17:00,62.10,69.00,16.33,7.02,6.79,
757,12/12/1992,18:00,63.25,69.00,17.48,5.87,6.03,
758,12/12/1992,19:00,63.25,69.00,17.48,5.87,6.01,
759,12/12/1992,20:00,63.25,69.00,11.62,5.75,6.01,
760,12/12/1992,21:00,63.25,69.00,17.48,5.87,6.01,
761,12/12/1992,22:00,57.50,69.00,17.48,5.87,6.34,
762,12/12/1992,23:00,63.25,69.00,11.62,5.75,6.81,
763,12/12/1992,0:00,63.25,69.00,11.62,5.75,7.20,
764,12/12/1992,1:00,63.25,69.00,17.48,5.87,7.19,
765,12/12/1992,2:00,63.25,69.00,17.48,5.87,7.18,
766,12/12/1992,3:00,63.25,69.00,17.48,5.87,7.45,
767,12/12/1992,4:00,63.25,69.00,11.62,11.62,8.14,
768,12/12/1992,5:00,63.25,69.00,17.48,5.87,7.21,
769,12/12/1992,6:00,57.50,69.00,17.48,6.79,8.00,
770,12/13/1992,7:00,57.50,69.00,17.37,7.94,7.56,
771,12/13/1992,8:00,57.50,69.00,11.96,5.87,7.20,
772,12/13/1992,9:00,57.50,69.00,17.48,8.63,7.20,
773,12/13/1992,10:00,57.50,69.00,17.37,5.87,6.96,
774,12/13/1992,11:00,57.50,69.00,15.41,5.87,7.30,
775,12/13/1992,12:00,57.50,69.00,11.62,5.75,6.95,
776,12/13/1992,13:00,57.50,69.00,17.48,5.87,6.99,
777,12/13/1992,14:00,57.50,69.00,16.10,5.87,6.96,
778,12/13/1992,15:00,57.50,69.00,11.62,5.87,6.96,
779,12/13/1992,16:00,57.50,69.00,17.37,5.87,6.96,
780,12/13/1992,17:00,57.50,69.00,17.37,5.87,6.90,
781,12/13/1992,18:00,57.50,69.00,17.48,6.21,6.92,
782,12/13/1992,19:00,57.50,69.00,11.62,5.87,6.90,
783,12/13/1992,20:00,57.50,69.00,11.62,5.87,6.92,
784,12/13/1992,21:00,57.50,69.00,17.48,5.87,6.90,
785,12/13/1992,22:00,57.50,69.00,11.62,5.87,6.90,
786,12/13/1992,23:00,57.50,69.00,17.48,5.87,6.89,
787,12/13/1992,0:00,57.50,69.00,11.62,5.87,6.93,
788,12/13/1992,1:00,57.50,69.00,17.48,5.87,6.95,
789,12/13/1992,2:00,57.50,69.00,11.73,5.87,6.92,
790,12/13/1992,3:00,57.50,69.00,11.62,6.44,6.98,
791,12/13/1992,4:00,57.50,69.00,11.62,6.44,6.90,
792,12/13/1992,5:00,57.50,69.00,11.73,5.87,6.91,
793,12/13/1992,6:00,57.50,69.00,17.48,5.87,6.99,
794,12/14/1992,7:00,57.50,69.00,11.62,5.87,6.72,
795,12/14/1992,8:00,57.50,69.00,17.37,5.87,7.19,
796,12/14/1992,9:00,57.50,69.00,11.62,5.87,7.02,
797,12/14/1992,10:00,57.50,69.00,11.62,5.87,6.57,
798,12/14/1992,11:00,57.50,69.00,11.62,5.87,6.59,
799,12/14/1992,12:00,57.50,69.00,11.62,6.10,6.96,
800,12/14/1992,13:00,57.50,69.00,17.48,5.87,6.89,
801,12/14/1992,14:00,57.50,69.00,11.62,11.62,6.83,
802,12/14/1992,15:00,57.50,69.00,11.73,5.75,6.84,
803,12/14/1992,16:00,57.50,69.00,14.15,5.87,6.91,
804,12/14/1992,17:00,57.50,69.00,17.37,5.87,6.90,
805,12/14/1992,18:00,57.50,69.00,17.14,5.87,6.82,
806,12/14/1992,19:00,57.50,69.00,11.62,5.75,6.99,
807,12/14/1992,20:00,57.50,69.00,11.73,5.87,6.90,
808,12/14/1992,21:00,57.50,69.00,11.62,5.87,6.93,
809,12/14/1992,22:00,57.50,69.00,17.48,11.62,6.90,
810,12/14/1992,23:00,57.50,69.00,11.62,5.75,6.88,
811,12/14/1992,0:00,57.50,69.00,11.62,5.75,6.85,
812,12/14/1992,1:00,57.50,69.00,17.48,5.87,6.37,
813,12/14/1992,2:00,57.50,69.00,11.73,5.87,6.37,
814,12/14/1992,3:00,57.50,69.00,11.62,5.75,6.27,
815,12/14/1992,4:00,57.50,69.00,17.48,11.73,6.84,
816,12/14/1992,5:00,57.50,69.00,11.62,5.75,6.50,
817,12/14/1992,6:00,57.50,69.00,11.62,5.75,6.49,
818,12/15/1992,7:00,57.50,69.00,16.22,5.87,6.83,
819,12/15/1992,8:00,51.75,69.00,17.37,8.17,6.38,
820,12/15/1992,9:00,57.50,69.00,11.62,5.87,7.13,
821,12/15/1992,10:00,57.50,69.00,11.62,5.87,6.90,
822,12/15/1992,11:00,57.50,63.25,11.62,5.87,6.87,
823,12/15/1992,12:00,57.50,63.25,15.53,5.75,6.46,
824,12/15/1992,13:00,57.50,69.00,14.03,5.87,6.88,
825,12/15/1992,14:00,57.50,69.00,11.62,5.87,6.85,
826,12/15/1992,15:00,46.00,69.00,11.62,2.88,5.97,
827,12/15/1992,16:00,57.50,69.00,11.62,5.98,6.98,
828,12/15/1992,17:00,57.50,69.00,14.03,5.87,7.08,
829,12/15/1992,18:00,69.00,80.50,11.85,5.87,7.61,
830,12/15/1992,19:00,57.50,69.00,11.73,5.87,7.15,
831,12/15/1992,20:00,23.00,34.50,11.73,5.87,3.71,
832,12/15/1992,21:00,17.25,34.50,5.87,2.88,3.86,
833,12/15/1992,22:00,0.00,46.00,0.00,0.00,0.00,
834,12/15/1992,23:00,0.00,46.00,0.00,0.00,0.00,
835,12/15/1992,0:00,0.00,46.00,0.00,0.00,0.00,
836,12/15/1992,1:00,63.25,69.00,5.87,2.88,7.16,
837,12/15/1992,2:00,69.00,69.00,17.48,5.75,7.19,
838,12/15/1992,3:00,63.25,69.00,11.62,2.88,7.22,
839,12/15/1992,4:00,57.50,63.25,11.50,2.88,6.89,
840,12/15/1992,5:00,57.50,63.25,11.73,5.75,6.90,
841,12/15/1992,6:00,11.50,11.50,2.88,2.88,2.75,
842,12/16/1992,7:00,5.75,11.50,2.88,1.15,3.04,
843,12/16/1992,8:00,0.00,11.50,0.00,0.00,0.00,
844,12/16/1992,9:00,0.00,11.50,0.00,0.00,0.00,
845,12/16/1992,10:00,11.50,46.00,0.00,0.00,0.00,
846,12/16/1992,11:00,34.50,57.50,2.88,1.15,4.31,
847,12/16/1992,12:00,57.50,69.00,11.62,4.72,7.11,
848,12/16/1992,13:00,34.50,51.75,14.38,4.60,4.22,
849,12/16/1992,14:00,40.25,46.00,11.62,4.95,5.28,
850,12/16/1992,15:00,34.50,57.50,9.20,2.42,4.69,
851,12/16/1992,16:00,28.75,34.50,0.00,0.00,3.11,
852,12/16/1992,17:00,17.25,28.75,0.00,0.00,2.33,
853,12/16/1992,18:00,0.00,57.50,0.00,0.00,0.00,
854,12/16/1992,19:00,0.00,34.50,0.00,0.00,0.00,
855,12/16/1992,20:00,0.00,34.50,0.00,0.00,0.00,
856,12/16/1992,21:00,0.00,34.50,0.00,0.00,0.00,
857,12/16/1992,22:00,0.00,34.50,0.00,0.00,0.00,
858,12/16/1992,23:00,0.00,34.50,0.00,0.00,0.00,
859,12/16/1992,0:00,0.00,34.50,0.00,0.00,0.00,
860,12/16/1992,1:00,46.00,57.50,11.50,0.00,5.00,
861,12/16/1992,2:00,69.00,74.75,23.46,0.00,8.36,
862,12/16/1992,3:00,69.00,74.75,17.60,2.88,7.65,
863,12/16/1992,4:00,74.75,80.50,17.48,5.75,8.28,
864,12/16/1992,5:00,69.00,74.75,17.48,5.75,7.59,
865,12/16/1992,6:00,51.75,57.50,11.62,5.98,4.37,
866,12/17/1992,7:00,46.00,69.00,14.72,5.75,6.29,
867,12/17/1992,8:00,63.25,69.00,16.91,5.87,7.57,
868,12/17/1992,9:00,57.50,69.00,11.62,5.87,7.25,
869,12/17/1992,10:00,57.50,69.00,11.62,5.75,6.95,
870,12/17/1992,11:00,57.50,69.00,14.72,5.87,7.02,
871,12/17/1992,12:00,57.50,69.00,11.73,5.87,6.91,
872,12/17/1992,13:00,46.00,57.50,11.96,5.75,5.53,
873,12/17/1992,14:00,57.50,69.00,13.92,5.98,6.84,
874,12/17/1992,15:00,69.00,80.50,14.38,5.75,8.86,
875,12/17/1992,16:00,69.00,80.50,11.73,5.87,7.83,
876,12/17/1992,17:00,57.50,69.00,14.38,5.87,7.19,
877,12/17/1992,18:00,69.00,74.75,17.48,11.73,7.82,
878,12/17/1992,19:00,63.25,69.00,11.62,5.75,7.16,
879,12/17/1992,20:00,57.50,63.25,11.62,5.87,6.15,
880,12/17/1992,21:00,63.25,69.00,14.72,5.75,7.45,
881,12/17/1992,22:00,57.50,74.75,11.73,5.75,7.46,
882,12/17/1992,23:00,57.50,69.00,11.62,2.88,6.53,
883,12/17/1992,0:00,57.50,69.00,17.48,2.88,6.54,
884,12/17/1992,1:00,63.25,69.00,17.48,5.75,7.16,
885,12/17/1992,2:00,63.25,69.00,11.62,5.75,7.19,
886,12/17/1992,3:00,57.50,69.00,11.62,5.75,6.16,
887,12/17/1992,4:00,57.50,69.00,11.73,5.87,6.54,
888,12/17/1992,5:00,57.50,69.00,11.62,5.75,6.15,
889,12/17/1992,6:00,57.50,69.00,11.62,5.87,6.90,
890,12/18/1992,7:00,57.50,69.00,11.62,5.75,5.91,
891,12/18/1992,8:00,69.00,80.50,14.49,5.98,9.51,
892,12/18/1992,9:00,46.00,57.50,11.62,5.87,5.12,
893,12/18/1992,10:00,57.50,69.00,17.37,5.75,6.44,
894,12/18/1992,11:00,57.50,69.00,14.49,5.98,7.19,
895,12/18/1992,12:00,57.50,69.00,11.62,5.87,7.20,
896,12/18/1992,13:00,11.50,34.50,2.88,0.00,3.73,
897,12/18/1992,14:00,5.75,34.50,0.00,0.00,0.00,
898,12/18/1992,15:00,0.00,34.50,0.00,0.00,0.00,
899,12/18/1992,16:00,0.00,46.00,0.00,0.00,0.00,
900,12/18/1992,17:00,0.00,46.00,0.00,0.00,0.00,
901,12/18/1992,18:00,69.00,80.50,23.35,3.57,9.32,
902,12/18/1992,19:00,63.25,69.00,34.96,2.88,7.34,
903,12/18/1992,20:00,51.75,57.50,11.62,0.00,5.60,
904,12/18/1992,21:00,34.50,51.75,5.75,0.00,3.31,
905,12/18/1992,22:00,23.00,51.75,0.00,0.00,2.92,
906,12/18/1992,23:00,28.75,51.75,0.00,0.00,2.92,
907,12/18/1992,0:00,0.00,34.50,0.00,0.00,0.00,
908,12/18/1992,1:00,0.00,34.50,0.00,0.00,0.00,
909,12/18/1992,2:00,0.00,46.00,0.00,0.00,0.00,
910,12/18/1992,3:00,69.00,69.00,5.87,2.99,7.20,
911,12/18/1992,4:00,69.00,69.00,11.73,2.88,7.56,
912,12/18/1992,5:00,69.00,57.50,11.62,2.88,6.90,
913,12/18/1992,6:00,46.00,57.50,4.60,1.15,4.60,
914,12/19/1992,7:00,23.00,23.00,0.00,0.00,3.30,
915,12/19/1992,8:00,0.00,46.00,0.00,0.00,1.63,
916,12/19/1992,9:00,0.00,46.00,0.00,0.00,0.00,
917,12/19/1992,10:00,0.00,51.75,0.00,0.00,0.00,
918,12/19/1992,11:00,51.75,69.00,14.95,5.75,6.56,
919,12/19/1992,12:00,40.25,69.00,24.38,3.45,6.12,
920,12/19/1992,13:00,34.50,46.00,4.60,1.15,4.22,
921,12/19/1992,14:00,17.25,28.75,0.00,0.00,3.77,
922,12/19/1992,15:00,0.00,40.25,0.00,0.00,0.00,
923,12/19/1992,16:00,0.00,57.50,0.00,0.00,0.00,
924,12/19/1992,17:00,0.00,57.50,0.00,0.00,0.00,
925,12/19/1992,18:00,0.00,57.50,0.00,0.00,0.00,
926,12/19/1992,19:00,0.00,57.50,0.00,0.00,0.00,
927,12/19/1992,20:00,0.00,57.50,0.00,0.00,0.00,
928,12/19/1992,21:00,0.00,57.50,0.00,0.00,0.00,
929,12/19/1992,22:00,0.00,57.50,0.00,0.00,0.00,
930,12/19/1992,23:00,0.00,57.50,0.00,0.00,0.00,
931,12/19/1992,0:00,0.00,57.50,0.00,0.00,0.00,
932,12/19/1992,1:00,74.75,74.75,28.41,3.34,7.59,
933,12/19/1992,2:00,74.75,80.50,17.48,5.75,8.26,
934,12/19/1992,3:00,40.25,46.00,14.72,3.34,4.24,
935,12/19/1992,4:00,46.00,46.00,0.00,0.00,5.55,
936,12/19/1992,5:00,46.00,46.00,0.00,0.00,4.51,
937,12/19/1992,6:00,0.00,57.50,0.00,0.00,0.00,
938,12/20/1992,7:00,0.00,69.00,0.00,0.00,0.00,
939,12/20/1992,8:00,0.00,69.00,0.00,0.00,0.00,
940,12/20/1992,9:00,0.00,69.00,0.00,0.00,0.00,
941,12/20/1992,10:00,0.00,69.00,0.00,0.00,0.00,
942,12/20/1992,11:00,0.00,69.00,0.00,0.00,0.00,
943,12/20/1992,12:00,46.00,57.50,11.62,2.30,5.53,
944,12/20/1992,13:00,69.00,80.50,31.97,2.65,9.17,
945,12/20/1992,14:00,46.00,57.50,8.74,2.88,4.43,
946,12/20/1992,15:00,28.75,40.25,5.87,9.43,3.83,
947,12/20/1992,16:00,28.75,46.00,5.87,11.62,4.43,
948,12/20/1992,17:00,34.50,63.25,9.20,7.13,5.29,
949,12/20/1992,18:00,34.50,57.50,8.17,7.94,5.24,
950,12/20/1992,19:00,57.50,69.00,14.03,6.10,6.52,
951,12/20/1992,20:00,69.00,69.00,5.87,11.73,7.44,
952,12/20/1992,21:00,69.00,69.00,11.62,11.62,7.16,
953,12/20/1992,22:00,63.25,80.50,5.87,11.62,8.08,
954,12/20/1992,23:00,80.50,80.50,17.48,5.75,9.07,
955,12/20/1992,0:00,80.50,80.50,17.48,5.87,8.80,
956,12/20/1992,1:00,80.50,86.25,5.87,5.87,9.46,
957,12/20/1992,2:00,80.50,86.25,17.48,5.75,8.84,
958,12/20/1992,3:00,57.50,69.00,11.62,2.88,6.24,
959,12/20/1992,4:00,57.50,63.25,5.87,11.73,6.26,
960,12/20/1992,5:00,57.50,63.25,9.20,7.13,6.60,
961,12/20/1992,6:00,57.50,69.00,11.62,11.62,6.54,
962,12/21/1992,7:00,46.00,69.00,20.36,5.06,5.52,
963,12/21/1992,8:00,51.75,69.00,8.86,10.35,5.76,
964,12/21/1992,9:00,46.00,69.00,13.46,7.13,6.21,
965,12/21/1992,10:00,57.50,69.00,12.31,5.75,5.84,
966,12/21/1992,11:00,51.75,69.00,16.79,5.98,6.21,
967,12/21/1992,12:00,51.75,69.00,14.49,5.87,5.85,
968,12/21/1992,13:00,51.75,69.00,14.61,5.75,6.51,
969,12/21/1992,14:00,51.75,69.00,11.62,5.87,6.54,
970,12/21/1992,15:00,57.50,69.00,17.48,6.90,5.85,
971,12/21/1992,16:00,51.75,69.00,17.25,7.71,6.23,
972,12/21/1992,17:00,57.50,69.00,11.62,8.63,5.85,
973,12/21/1992,18:00,0,74.75,0.00,0.00,0,
974,12/21/1992,19:00,0,80.50,0.00,0.00,0,
975,12/21/1992,20:00,0,86.25,0.00,0.00,0,
976,12/21/1992,21:00,0,86.25,0.00,0.00,0,
977,12/21/1992,22:00,0,92.00,0.00,0.00,0,
978,12/21/1992,23:00,0,92.00,0.00,0.00,0,
979,12/21/1992,0:00,0,92.00,0.00,0.00,0,
980,12/21/1992,1:00,0,92.00,0.00,0.00,0,
981,12/21/1992,2:00,0,92.00,0.00,0.00,0,
982,12/21/1992,3:00,0,92.00,0.00,0.00,0,
983,12/21/1992,4:00,0,92.00,0.00,0.00,0,
984,12/21/1992,5:00,0,92.00,0.00,0.00,0,
985,12/21/1992,6:00,0,92.00,0,0,0,
986,12/22/1992,7:00,0,92.00,0,0,0,
987,12/22/1992,8:00,0,92.00,0,0,0,
988,12/22/1992,9:00,0,92.00,0,0,0,
989,12/22/1992,10:00,0,92.00,0,0,0,
990,12/22/1992,11:00,0,0.00,0,0,0,
